orphan_url,words,suggested_link_from
/blog/parks/how-to-improve-your-community-with-pocket-parks/,714,
/blog/sports/synthetic-turf-playgrounds/,790,
/blog/stabilization/is-your-project-stuck-in-the-mud/,923,
/blog/services/byrne-jones-safety-program/,1281,
/blog/sports/how-to-make-sure-your-athletic-facilities-are-ready-for-fall-sports/,978,
/blog/asphalt/st-louis-contractor-opens-new-hilliard-office/,261,
/blog/sports/best-practices-for-building-a-new-sports-facility/,268,
/blog/microsurfacing/microsurfacing-contractors-llc-paves-the-way-for-future-growth/,532,
/blog/sports/byrne-jones-wins-american-sports-builder-association-award/,554,
/blog/parks/byrne-jones-launches-parks-division/,224,
/blog/parks/outdoor-recreational-spaces-at-senior-living-communities/,809,
/blog/sports/sports-division-wins-five-asba-awards-in-2022/,1379,
/sports/asba-awards/rockwood-summit-high-school/,184,/sports/asba-awards/
/sports/turf-field-installation/contact/,183,/sports/turf-field-installation/
/sports/smith-cotton-athletic-complex/,995,"/sports/ , /sports/sports-complex-construction/"
/sports/cooperative-purchasing/,498,"/sports/ , /parks/ , main nav under Sports"
/sports/cooperative-purchasing/portfolio/,298,/sports/cooperative-purchasing/
/stlouis/asphalt-paving/ev-charging-station-installation/,268,"/stlouis/asphalt-paving/ , /asphalt-paving/"
/sports/maintenance-request/,177,"/sports/ , footer, /sports/completed-projects/"
/sports/case-study-chaminade-high-school/,445,"/sports/ , /sports/turf-field-installation/ , /sports/asba-awards/chaminade-high-school/"
/sports/kirksville-high-school-case-study/,791,"/sports/ , /sports/running-tracks/"
/sports/unity-high-school-case-study/,316,"/sports/ , /sports/turf-field-installation/"
/sports/mt-hebron-park-case-study/,676,"/parks/ , /sports/asba-awards/mt-hebron-park/"
/sports/resources/,283,"/sports/ , footer"
/project-tour/,365,"/sports/ , /sports/completed-projects/"
/parks/recreational-spaces/senior-living/,918,/parks/recreational-spaces/
/in-the-press/,231,"/about-us/ , footer (footer link exists but was not crawlable as an inbound edge — verify)"
/locations.kml,n/a,
